<?xml version="1.0" encoding="UTF-8"?>
<beans xmlns="http://www.springframework.org/schema/beans"
xmlns:xsi="http://www.w3.org/2001/XMLSchema-instance"
xsi:schemaLocation="http://www.springframework.org/schema/beans
http://www.springframework.org/schema/beans/spring-beans.xsd">

<bean id="vijay" class="com.anudip.springdemo.SpringDemoShape.Painter">
<constructor-arg ref="rect"></constructor-arg>
</bean>

<bean id="cir" class="com.anudip.springdemo.Circle"></bean>


<bean id="rect" class="com.anudip.springdemo.Rectangle"></bean>

</beans>