<?xml version="1.0" encoding="UTF-8"?>
<beans xmlns="http://www.springframework.org/schema/beans"
xmlns:xsi="http://www.w3.org/2001/XMLSchema-instance"
xsi:schemaLocation="http://www.springframework.org/schema/beans
http://www.springframework.org/schema/beans/spring-beans.xsd">


<bean id="Raviraj" class="com.anudip.springdemo.Painter">
<constructor-arg ref="tri"></constructor-arg>
</bean>

<bean id="squ" class="com.anudip.springdemo.Square"></bean>
<bean id="tri" class="com.anudip.springdemo.Tringle">
<constructor-arg name="color" value="Purpul"></constructor-arg>
</bean>

<bean id="Saurabh" class="com.anudip.springdemo.Dancer"></bean>

</beans>